<?xml version="1.0" encoding="UTF-8"?>
<!DOCTYPE HealthData [
<!ELEMENT HealthData (ExportDate,Me,Record*)>
<!ELEMENT ExportDate (#PCDATA)>
<!ELEMENT Me EMPTY>
<!ELEMENT Record EMPTY>
]>
<HealthData locale="en_US">
  <ExportDate value="2025-12-01T03:22:09.051Z"/>
  <Me HKCharacteristicTypeIdentifierDateOfBirth="1990-01-01" 
      HKCharacteristicTypeIdentifierBiologicalSex="HKBiologicalSexMale" 
      HKCharacteristicTypeIdentifierBloodType="HKBloodTypeNotSet"/>
  <Record type="HKQuantityTypeIdentifierHeartRate" sourceName="HealthVis Test" value="79" unit="count/min" startDate="2025-11-30 14:01:00" endDate="2025-11-30 14:01:00"/>
  <Record type="HKQuantityTypeIdentifierHeartRate" sourceName="HealthVis Test" value="67" unit="count/min" startDate="2025-11-30 20:44:00" endDate="2025-11-30 20:44:00"/>
  <Record type="HKQuantityTypeIdentifierHeartRate" sourceName="HealthVis Test" value="76" unit="count/min" startDate="2025-12-01 02:41:00" endDate="2025-12-01 02:41:00"/>
  <Record type="HKQuantityTypeIdentifierHeartRate" sourceName="HealthVis Test" value="79" unit="count/min" startDate="2025-11-29 14:11:00" endDate="2025-11-29 14:11:00"/>
  <Record type="HKQuantityTypeIdentifierHeartRate" sourceName="HealthVis Test" value="94" unit="count/min" startDate="2025-11-29 20:17:00" endDate="2025-11-29 20:17:00"/>
  <Record type="HKQuantityTypeIdentifierHeartRate" sourceName="HealthVis Test" value="88" unit="count/min" startDate="2025-11-30 02:09:00" endDate="2025-11-30 02:09:00"/>
  <Record type="HKQuantityTypeIdentifierHeartRate" sourceName="HealthVis Test" value="72" unit="count/min" startDate="2025-11-28 14:28:00" endDate="2025-11-28 14:28:00"/>
  <Record type="HKQuantityTypeIdentifierHeartRate" sourceName="HealthVis Test" value="64" unit="count/min" startDate="2025-11-28 20:46:00" endDate="2025-11-28 20:46:00"/>
  <Record type="HKQuantityTypeIdentifierHeartRate" sourceName="HealthVis Test" value="93" unit="count/min" startDate="2025-11-29 02:09:00" endDate="2025-11-29 02:09:00"/>
  <Record type="HKQuantityTypeIdentifierHeartRate" sourceName="HealthVis Test" value="66" unit="count/min" startDate="2025-11-27 14:17:00" endDate="2025-11-27 14:17:00"/>
  <Record type="HKQuantityTypeIdentifierHeartRate" sourceName="HealthVis Test" value="74" unit="count/min" startDate="2025-11-27 20:39:00" endDate="2025-11-27 20:39:00"/>
  <Record type="HKQuantityTypeIdentifierHeartRate" sourceName="HealthVis Test" value="74" unit="count/min" startDate="2025-11-28 02:15:00" endDate="2025-11-28 02:15:00"/>
  <Record type="HKQuantityTypeIdentifierHeartRate" sourceName="HealthVis Test" value="69" unit="count/min" startDate="2025-11-26 14:04:00" endDate="2025-11-26 14:04:00"/>
  <Record type="HKQuantityTypeIdentifierHeartRate" sourceName="HealthVis Test" value="67" unit="count/min" startDate="2025-11-26 20:59:00" endDate="2025-11-26 20:59:00"/>
  <Record type="HKQuantityTypeIdentifierHeartRate" sourceName="HealthVis Test" value="98" unit="count/min" startDate="2025-11-27 02:36:00" endDate="2025-11-27 02:36:00"/>
  <Record type="HKQuantityTypeIdentifierHeartRate" sourceName="HealthVis Test" value="76" unit="count/min" startDate="2025-11-25 14:26:00" endDate="2025-11-25 14:26:00"/>
  <Record type="HKQuantityTypeIdentifierHeartRate" sourceName="HealthVis Test" value="63" unit="count/min" startDate="2025-11-25 20:57:00" endDate="2025-11-25 20:57:00"/>
  <Record type="HKQuantityTypeIdentifierHeartRate" sourceName="HealthVis Test" value="91" unit="count/min" startDate="2025-11-26 02:43:00" endDate="2025-11-26 02:43:00"/>
  <Record type="HKQuantityTypeIdentifierHeartRate" sourceName="HealthVis Test" value="86" unit="count/min" startDate="2025-11-24 14:55:00" endDate="2025-11-24 14:55:00"/>
  <Record type="HKQuantityTypeIdentifierHeartRate" sourceName="HealthVis Test" value="62" unit="count/min" startDate="2025-11-24 20:45:00" endDate="2025-11-24 20:45:00"/>
  <Record type="HKQuantityTypeIdentifierHeartRate" sourceName="HealthVis Test" value="74" unit="count/min" startDate="2025-11-25 02:12:00" endDate="2025-11-25 02:12:00"/>
  <Record type="HKQuantityTypeIdentifierHeartRate" sourceName="HealthVis Test" value="97" unit="count/min" startDate="2025-11-23 14:07:00" endDate="2025-11-23 14:07:00"/>
  <Record type="HKQuantityTypeIdentifierHeartRate" sourceName="HealthVis Test" value="85" unit="count/min" startDate="2025-11-23 20:09:00" endDate="2025-11-23 20:09:00"/>
  <Record type="HKQuantityTypeIdentifierHeartRate" sourceName="HealthVis Test" value="81" unit="count/min" startDate="2025-11-24 02:13:00" endDate="2025-11-24 02:13:00"/>
  <Record type="HKQuantityTypeIdentifierHeartRate" sourceName="HealthVis Test" value="74" unit="count/min" startDate="2025-11-22 14:41:00" endDate="2025-11-22 14:41:00"/>
  <Record type="HKQuantityTypeIdentifierHeartRate" sourceName="HealthVis Test" value="75" unit="count/min" startDate="2025-11-22 20:06:00" endDate="2025-11-22 20:06:00"/>
  <Record type="HKQuantityTypeIdentifierHeartRate" sourceName="HealthVis Test" value="75" unit="count/min" startDate="2025-11-23 02:13:00" endDate="2025-11-23 02:13:00"/>
  <Record type="HKQuantityTypeIdentifierHeartRate" sourceName="HealthVis Test" value="79" unit="count/min" startDate="2025-11-21 14:55:00" endDate="2025-11-21 14:55:00"/>
  <Record type="HKQuantityTypeIdentifierHeartRate" sourceName="HealthVis Test" value="99" unit="count/min" startDate="2025-11-21 20:04:00" endDate="2025-11-21 20:04:00"/>
  <Record type="HKQuantityTypeIdentifierHeartRate" sourceName="HealthVis Test" value="84" unit="count/min" startDate="2025-11-22 02:13:00" endDate="2025-11-22 02:13:00"/>
  <Record type="HKQuantityTypeIdentifierHeartRate" sourceName="HealthVis Test" value="63" unit="count/min" startDate="2025-11-20 14:16:00" endDate="2025-11-20 14:16:00"/>
  <Record type="HKQuantityTypeIdentifierHeartRate" sourceName="HealthVis Test" value="87" unit="count/min" startDate="2025-11-20 20:23:00" endDate="2025-11-20 20:23:00"/>
  <Record type="HKQuantityTypeIdentifierHeartRate" sourceName="HealthVis Test" value="66" unit="count/min" startDate="2025-11-21 02:09:00" endDate="2025-11-21 02:09:00"/>
  <Record type="HKQuantityTypeIdentifierHeartRate" sourceName="HealthVis Test" value="81" unit="count/min" startDate="2025-11-19 14:28:00" endDate="2025-11-19 14:28:00"/>
  <Record type="HKQuantityTypeIdentifierHeartRate" sourceName="HealthVis Test" value="95" unit="count/min" startDate="2025-11-19 20:40:00" endDate="2025-11-19 20:40:00"/>
  <Record type="HKQuantityTypeIdentifierHeartRate" sourceName="HealthVis Test" value="83" unit="count/min" startDate="2025-11-20 02:44:00" endDate="2025-11-20 02:44:00"/>
  <Record type="HKQuantityTypeIdentifierHeartRate" sourceName="HealthVis Test" value="86" unit="count/min" startDate="2025-11-18 14:40:00" endDate="2025-11-18 14:40:00"/>
  <Record type="HKQuantityTypeIdentifierHeartRate" sourceName="HealthVis Test" value="82" unit="count/min" startDate="2025-11-18 20:01:00" endDate="2025-11-18 20:01:00"/>
  <Record type="HKQuantityTypeIdentifierHeartRate" sourceName="HealthVis Test" value="90" unit="count/min" startDate="2025-11-19 02:49:00" endDate="2025-11-19 02:49:00"/>
  <Record type="HKQuantityTypeIdentifierHeartRate" sourceName="HealthVis Test" value="98" unit="count/min" startDate="2025-11-17 14:12:00" endDate="2025-11-17 14:12:00"/>
  <Record type="HKQuantityTypeIdentifierHeartRate" sourceName="HealthVis Test" value="82" unit="count/min" startDate="2025-11-17 20:43:00" endDate="2025-11-17 20:43:00"/>
  <Record type="HKQuantityTypeIdentifierHeartRate" sourceName="HealthVis Test" value="100" unit="count/min" startDate="2025-11-18 02:20:00" endDate="2025-11-18 02:20:00"/>
  <Record type="HKQuantityTypeIdentifierHeartRate" sourceName="HealthVis Test" value="93" unit="count/min" startDate="2025-11-16 14:22:00" endDate="2025-11-16 14:22:00"/>
  <Record type="HKQuantityTypeIdentifierHeartRate" sourceName="HealthVis Test" value="64" unit="count/min" startDate="2025-11-16 20:23:00" endDate="2025-11-16 20:23:00"/>
  <Record type="HKQuantityTypeIdentifierHeartRate" sourceName="HealthVis Test" value="97" unit="count/min" startDate="2025-11-17 02:55:00" endDate="2025-11-17 02:55:00"/>
  <Record type="HKQuantityTypeIdentifierHeartRate" sourceName="HealthVis Test" value="71" unit="count/min" startDate="2025-11-15 14:00:00" endDate="2025-11-15 14:00:00"/>
  <Record type="HKQuantityTypeIdentifierHeartRate" sourceName="HealthVis Test" value="92" unit="count/min" startDate="2025-11-15 20:02:00" endDate="2025-11-15 20:02:00"/>
  <Record type="HKQuantityTypeIdentifierHeartRate" sourceName="HealthVis Test" value="67" unit="count/min" startDate="2025-11-16 02:16:00" endDate="2025-11-16 02:16:00"/>
  <Record type="HKQuantityTypeIdentifierHeartRate" sourceName="HealthVis Test" value="88" unit="count/min" startDate="2025-11-14 14:38:00" endDate="2025-11-14 14:38:00"/>
  <Record type="HKQuantityTypeIdentifierHeartRate" sourceName="HealthVis Test" value="98" unit="count/min" startDate="2025-11-14 20:12:00" endDate="2025-11-14 20:12:00"/>
  <Record type="HKQuantityTypeIdentifierHeartRate" sourceName="HealthVis Test" value="84" unit="count/min" startDate="2025-11-15 02:57:00" endDate="2025-11-15 02:57:00"/>
  <Record type="HKQuantityTypeIdentifierHeartRate" sourceName="HealthVis Test" value="66" unit="count/min" startDate="2025-11-13 14:13:00" endDate="2025-11-13 14:13:00"/>
  <Record type="HKQuantityTypeIdentifierHeartRate" sourceName="HealthVis Test" value="75" unit="count/min" startDate="2025-11-13 20:06:00" endDate="2025-11-13 20:06:00"/>
  <Record type="HKQuantityTypeIdentifierHeartRate" sourceName="HealthVis Test" value="82" unit="count/min" startDate="2025-11-14 02:44:00" endDate="2025-11-14 02:44:00"/>
  <Record type="HKQuantityTypeIdentifierHeartRate" sourceName="HealthVis Test" value="82" unit="count/min" startDate="2025-11-12 14:47:00" endDate="2025-11-12 14:47:00"/>
  <Record type="HKQuantityTypeIdentifierHeartRate" sourceName="HealthVis Test" value="66" unit="count/min" startDate="2025-11-12 20:57:00" endDate="2025-11-12 20:57:00"/>
  <Record type="HKQuantityTypeIdentifierHeartRate" sourceName="HealthVis Test" value="79" unit="count/min" startDate="2025-11-13 02:24:00" endDate="2025-11-13 02:24:00"/>
  <Record type="HKQuantityTypeIdentifierHeartRate" sourceName="HealthVis Test" value="61" unit="count/min" startDate="2025-11-11 14:55:00" endDate="2025-11-11 14:55:00"/>
  <Record type="HKQuantityTypeIdentifierHeartRate" sourceName="HealthVis Test" value="64" unit="count/min" startDate="2025-11-11 20:01:00" endDate="2025-11-11 20:01:00"/>
  <Record type="HKQuantityTypeIdentifierHeartRate" sourceName="HealthVis Test" value="67" unit="count/min" startDate="2025-11-12 02:18:00" endDate="2025-11-12 02:18:00"/>
  <Record type="HKQuantityTypeIdentifierHeartRate" sourceName="HealthVis Test" value="65" unit="count/min" startDate="2025-11-10 14:18:00" endDate="2025-11-10 14:18:00"/>
  <Record type="HKQuantityTypeIdentifierHeartRate" sourceName="HealthVis Test" value="68" unit="count/min" startDate="2025-11-10 20:11:00" endDate="2025-11-10 20:11:00"/>
  <Record type="HKQuantityTypeIdentifierHeartRate" sourceName="HealthVis Test" value="71" unit="count/min" startDate="2025-11-11 02:21:00" endDate="2025-11-11 02:21:00"/>
  <Record type="HKQuantityTypeIdentifierHeartRate" sourceName="HealthVis Test" value="84" unit="count/min" startDate="2025-11-09 14:28:00" endDate="2025-11-09 14:28:00"/>
  <Record type="HKQuantityTypeIdentifierHeartRate" sourceName="HealthVis Test" value="84" unit="count/min" startDate="2025-11-09 20:53:00" endDate="2025-11-09 20:53:00"/>
  <Record type="HKQuantityTypeIdentifierHeartRate" sourceName="HealthVis Test" value="72" unit="count/min" startDate="2025-11-10 02:07:00" endDate="2025-11-10 02:07:00"/>
  <Record type="HKQuantityTypeIdentifierHeartRate" sourceName="HealthVis Test" value="90" unit="count/min" startDate="2025-11-08 14:23:00" endDate="2025-11-08 14:23:00"/>
  <Record type="HKQuantityTypeIdentifierHeartRate" sourceName="HealthVis Test" value="97" unit="count/min" startDate="2025-11-08 20:31:00" endDate="2025-11-08 20:31:00"/>
  <Record type="HKQuantityTypeIdentifierHeartRate" sourceName="HealthVis Test" value="87" unit="count/min" startDate="2025-11-09 02:49:00" endDate="2025-11-09 02:49:00"/>
  <Record type="HKQuantityTypeIdentifierHeartRate" sourceName="HealthVis Test" value="76" unit="count/min" startDate="2025-11-07 14:48:00" endDate="2025-11-07 14:48:00"/>
  <Record type="HKQuantityTypeIdentifierHeartRate" sourceName="HealthVis Test" value="82" unit="count/min" startDate="2025-11-07 20:58:00" endDate="2025-11-07 20:58:00"/>
  <Record type="HKQuantityTypeIdentifierHeartRate" sourceName="HealthVis Test" value="64" unit="count/min" startDate="2025-11-08 02:34:00" endDate="2025-11-08 02:34:00"/>
  <Record type="HKQuantityTypeIdentifierHeartRate" sourceName="HealthVis Test" value="68" unit="count/min" startDate="2025-11-06 14:43:00" endDate="2025-11-06 14:43:00"/>
  <Record type="HKQuantityTypeIdentifierHeartRate" sourceName="HealthVis Test" value="78" unit="count/min" startDate="2025-11-06 20:24:00" endDate="2025-11-06 20:24:00"/>
  <Record type="HKQuantityTypeIdentifierHeartRate" sourceName="HealthVis Test" value="82" unit="count/min" startDate="2025-11-07 02:21:00" endDate="2025-11-07 02:21:00"/>
  <Record type="HKQuantityTypeIdentifierHeartRate" sourceName="HealthVis Test" value="67" unit="count/min" startDate="2025-11-05 14:33:00" endDate="2025-11-05 14:33:00"/>
  <Record type="HKQuantityTypeIdentifierHeartRate" sourceName="HealthVis Test" value="91" unit="count/min" startDate="2025-11-05 20:00:00" endDate="2025-11-05 20:00:00"/>
  <Record type="HKQuantityTypeIdentifierHeartRate" sourceName="HealthVis Test" value="95" unit="count/min" startDate="2025-11-06 02:30:00" endDate="2025-11-06 02:30:00"/>
  <Record type="HKQuantityTypeIdentifierHeartRate" sourceName="HealthVis Test" value="66" unit="count/min" startDate="2025-11-04 14:59:00" endDate="2025-11-04 14:59:00"/>
  <Record type="HKQuantityTypeIdentifierHeartRate" sourceName="HealthVis Test" value="87" unit="count/min" startDate="2025-11-04 20:30:00" endDate="2025-11-04 20:30:00"/>
  <Record type="HKQuantityTypeIdentifierHeartRate" sourceName="HealthVis Test" value="96" unit="count/min" startDate="2025-11-05 02:45:00" endDate="2025-11-05 02:45:00"/>
  <Record type="HKQuantityTypeIdentifierHeartRate" sourceName="HealthVis Test" value="68" unit="count/min" startDate="2025-11-03 14:07:00" endDate="2025-11-03 14:07:00"/>
  <Record type="HKQuantityTypeIdentifierHeartRate" sourceName="HealthVis Test" value="90" unit="count/min" startDate="2025-11-03 20:36:00" endDate="2025-11-03 20:36:00"/>
  <Record type="HKQuantityTypeIdentifierHeartRate" sourceName="HealthVis Test" value="60" unit="count/min" startDate="2025-11-04 02:39:00" endDate="2025-11-04 02:39:00"/>
  <Record type="HKQuantityTypeIdentifierHeartRate" sourceName="HealthVis Test" value="98" unit="count/min" startDate="2025-11-02 14:35:00" endDate="2025-11-02 14:35:00"/>
  <Record type="HKQuantityTypeIdentifierHeartRate" sourceName="HealthVis Test" value="90" unit="count/min" startDate="2025-11-02 20:52:00" endDate="2025-11-02 20:52:00"/>
  <Record type="HKQuantityTypeIdentifierHeartRate" sourceName="HealthVis Test" value="62" unit="count/min" startDate="2025-11-03 02:00:00" endDate="2025-11-03 02:00:00"/>
  <Record type="HKQuantityTypeIdentifierHeartRate" sourceName="HealthVis Test" value="71" unit="count/min" startDate="2025-11-01 13:39:00" endDate="2025-11-01 13:39:00"/>
  <Record type="HKQuantityTypeIdentifierHeartRate" sourceName="HealthVis Test" value="68" unit="count/min" startDate="2025-11-01 19:46:00" endDate="2025-11-01 19:46:00"/>
  <Record type="HKQuantityTypeIdentifierHeartRate" sourceName="HealthVis Test" value="69" unit="count/min" startDate="2025-11-02 01:35:00" endDate="2025-11-02 01:35:00"/>
  <Record type="HKQuantityTypeIdentifierBloodGlucose" sourceName="HealthVis Test" value="112" unit="mg/dL" startDate="2025-11-30 14:42:00" endDate="2025-11-30 14:42:00"/>
  <Record type="HKQuantityTypeIdentifierBloodGlucose" sourceName="HealthVis Test" value="82" unit="mg/dL" startDate="2025-11-30 22:11:00" endDate="2025-11-30 22:11:00"/>
  <Record type="HKQuantityTypeIdentifierBloodGlucose" sourceName="HealthVis Test" value="122" unit="mg/dL" startDate="2025-11-28 14:14:00" endDate="2025-11-28 14:14:00"/>
  <Record type="HKQuantityTypeIdentifierBloodGlucose" sourceName="HealthVis Test" value="83" unit="mg/dL" startDate="2025-11-28 22:10:00" endDate="2025-11-28 22:10:00"/>
  <Record type="HKQuantityTypeIdentifierBloodGlucose" sourceName="HealthVis Test" value="103" unit="mg/dL" startDate="2025-11-26 14:27:00" endDate="2025-11-26 14:27:00"/>
  <Record type="HKQuantityTypeIdentifierBloodGlucose" sourceName="HealthVis Test" value="124" unit="mg/dL" startDate="2025-11-26 22:31:00" endDate="2025-11-26 22:31:00"/>
  <Record type="HKQuantityTypeIdentifierBloodGlucose" sourceName="HealthVis Test" value="118" unit="mg/dL" startDate="2025-11-24 14:43:00" endDate="2025-11-24 14:43:00"/>
  <Record type="HKQuantityTypeIdentifierBloodGlucose" sourceName="HealthVis Test" value="102" unit="mg/dL" startDate="2025-11-24 22:52:00" endDate="2025-11-24 22:52:00"/>
  <Record type="HKQuantityTypeIdentifierBloodGlucose" sourceName="HealthVis Test" value="81" unit="mg/dL" startDate="2025-11-22 14:19:00" endDate="2025-11-22 14:19:00"/>
  <Record type="HKQuantityTypeIdentifierBloodGlucose" sourceName="HealthVis Test" value="95" unit="mg/dL" startDate="2025-11-22 22:21:00" endDate="2025-11-22 22:21:00"/>
  <Record type="HKQuantityTypeIdentifierBloodGlucose" sourceName="HealthVis Test" value="102" unit="mg/dL" startDate="2025-11-20 14:09:00" endDate="2025-11-20 14:09:00"/>
  <Record type="HKQuantityTypeIdentifierBloodGlucose" sourceName="HealthVis Test" value="136" unit="mg/dL" startDate="2025-11-20 22:29:00" endDate="2025-11-20 22:29:00"/>
  <Record type="HKQuantityTypeIdentifierBloodGlucose" sourceName="HealthVis Test" value="96" unit="mg/dL" startDate="2025-11-18 14:09:00" endDate="2025-11-18 14:09:00"/>
  <Record type="HKQuantityTypeIdentifierBloodGlucose" sourceName="HealthVis Test" value="105" unit="mg/dL" startDate="2025-11-18 22:48:00" endDate="2025-11-18 22:48:00"/>
  <Record type="HKQuantityTypeIdentifierBloodGlucose" sourceName="HealthVis Test" value="132" unit="mg/dL" startDate="2025-11-16 14:50:00" endDate="2025-11-16 14:50:00"/>
  <Record type="HKQuantityTypeIdentifierBloodGlucose" sourceName="HealthVis Test" value="96" unit="mg/dL" startDate="2025-11-16 22:36:00" endDate="2025-11-16 22:36:00"/>
  <Record type="HKQuantityTypeIdentifierBloodGlucose" sourceName="HealthVis Test" value="107" unit="mg/dL" startDate="2025-11-14 14:11:00" endDate="2025-11-14 14:11:00"/>
  <Record type="HKQuantityTypeIdentifierBloodGlucose" sourceName="HealthVis Test" value="128" unit="mg/dL" startDate="2025-11-14 22:35:00" endDate="2025-11-14 22:35:00"/>
  <Record type="HKQuantityTypeIdentifierBloodGlucose" sourceName="HealthVis Test" value="139" unit="mg/dL" startDate="2025-11-12 14:56:00" endDate="2025-11-12 14:56:00"/>
  <Record type="HKQuantityTypeIdentifierBloodGlucose" sourceName="HealthVis Test" value="132" unit="mg/dL" startDate="2025-11-12 22:11:00" endDate="2025-11-12 22:11:00"/>
  <Record type="HKQuantityTypeIdentifierBloodGlucose" sourceName="HealthVis Test" value="102" unit="mg/dL" startDate="2025-11-10 14:21:00" endDate="2025-11-10 14:21:00"/>
  <Record type="HKQuantityTypeIdentifierBloodGlucose" sourceName="HealthVis Test" value="111" unit="mg/dL" startDate="2025-11-10 22:16:00" endDate="2025-11-10 22:16:00"/>
  <Record type="HKQuantityTypeIdentifierBloodGlucose" sourceName="HealthVis Test" value="122" unit="mg/dL" startDate="2025-11-08 14:45:00" endDate="2025-11-08 14:45:00"/>
  <Record type="HKQuantityTypeIdentifierBloodGlucose" sourceName="HealthVis Test" value="104" unit="mg/dL" startDate="2025-11-08 22:43:00" endDate="2025-11-08 22:43:00"/>
  <Record type="HKQuantityTypeIdentifierBloodGlucose" sourceName="HealthVis Test" value="111" unit="mg/dL" startDate="2025-11-06 14:24:00" endDate="2025-11-06 14:24:00"/>
  <Record type="HKQuantityTypeIdentifierBloodGlucose" sourceName="HealthVis Test" value="123" unit="mg/dL" startDate="2025-11-06 22:51:00" endDate="2025-11-06 22:51:00"/>
  <Record type="HKQuantityTypeIdentifierBloodGlucose" sourceName="HealthVis Test" value="122" unit="mg/dL" startDate="2025-11-04 14:09:00" endDate="2025-11-04 14:09:00"/>
  <Record type="HKQuantityTypeIdentifierBloodGlucose" sourceName="HealthVis Test" value="131" unit="mg/dL" startDate="2025-11-04 22:53:00" endDate="2025-11-04 22:53:00"/>
  <Record type="HKQuantityTypeIdentifierBloodGlucose" sourceName="HealthVis Test" value="94" unit="mg/dL" startDate="2025-11-02 14:39:00" endDate="2025-11-02 14:39:00"/>
  <Record type="HKQuantityTypeIdentifierBloodGlucose" sourceName="HealthVis Test" value="97" unit="mg/dL" startDate="2025-11-02 22:08:00" endDate="2025-11-02 22:08:00"/>
  <Record type="HKQuantityTypeIdentifierStepCount" sourceName="HealthVis Test" value="13451" unit="count" startDate="2025-12-01 05:59:00" endDate="2025-12-01 05:59:00"/>
  <Record type="HKQuantityTypeIdentifierStepCount" sourceName="HealthVis Test" value="11132" unit="count" startDate="2025-11-30 05:59:00" endDate="2025-11-30 05:59:00"/>
  <Record type="HKQuantityTypeIdentifierStepCount" sourceName="HealthVis Test" value="10556" unit="count" startDate="2025-11-29 05:59:00" endDate="2025-11-29 05:59:00"/>
  <Record type="HKQuantityTypeIdentifierStepCount" sourceName="HealthVis Test" value="8693" unit="count" startDate="2025-11-28 05:59:00" endDate="2025-11-28 05:59:00"/>
  <Record type="HKQuantityTypeIdentifierStepCount" sourceName="HealthVis Test" value="12701" unit="count" startDate="2025-11-27 05:59:00" endDate="2025-11-27 05:59:00"/>
  <Record type="HKQuantityTypeIdentifierStepCount" sourceName="HealthVis Test" value="5252" unit="count" startDate="2025-11-26 05:59:00" endDate="2025-11-26 05:59:00"/>
  <Record type="HKQuantityTypeIdentifierStepCount" sourceName="HealthVis Test" value="5607" unit="count" startDate="2025-11-25 05:59:00" endDate="2025-11-25 05:59:00"/>
  <Record type="HKQuantityTypeIdentifierStepCount" sourceName="HealthVis Test" value="14848" unit="count" startDate="2025-11-24 05:59:00" endDate="2025-11-24 05:59:00"/>
  <Record type="HKQuantityTypeIdentifierStepCount" sourceName="HealthVis Test" value="10620" unit="count" startDate="2025-11-23 05:59:00" endDate="2025-11-23 05:59:00"/>
  <Record type="HKQuantityTypeIdentifierStepCount" sourceName="HealthVis Test" value="14601" unit="count" startDate="2025-11-22 05:59:00" endDate="2025-11-22 05:59:00"/>
  <Record type="HKQuantityTypeIdentifierStepCount" sourceName="HealthVis Test" value="13727" unit="count" startDate="2025-11-21 05:59:00" endDate="2025-11-21 05:59:00"/>
  <Record type="HKQuantityTypeIdentifierStepCount" sourceName="HealthVis Test" value="13643" unit="count" startDate="2025-11-20 05:59:00" endDate="2025-11-20 05:59:00"/>
  <Record type="HKQuantityTypeIdentifierStepCount" sourceName="HealthVis Test" value="11052" unit="count" startDate="2025-11-19 05:59:00" endDate="2025-11-19 05:59:00"/>
  <Record type="HKQuantityTypeIdentifierStepCount" sourceName="HealthVis Test" value="11213" unit="count" startDate="2025-11-18 05:59:00" endDate="2025-11-18 05:59:00"/>
  <Record type="HKQuantityTypeIdentifierStepCount" sourceName="HealthVis Test" value="12408" unit="count" startDate="2025-11-17 05:59:00" endDate="2025-11-17 05:59:00"/>
  <Record type="HKQuantityTypeIdentifierStepCount" sourceName="HealthVis Test" value="7827" unit="count" startDate="2025-11-16 05:59:00" endDate="2025-11-16 05:59:00"/>
  <Record type="HKQuantityTypeIdentifierStepCount" sourceName="HealthVis Test" value="12680" unit="count" startDate="2025-11-15 05:59:00" endDate="2025-11-15 05:59:00"/>
  <Record type="HKQuantityTypeIdentifierStepCount" sourceName="HealthVis Test" value="6045" unit="count" startDate="2025-11-14 05:59:00" endDate="2025-11-14 05:59:00"/>
  <Record type="HKQuantityTypeIdentifierStepCount" sourceName="HealthVis Test" value="14907" unit="count" startDate="2025-11-13 05:59:00" endDate="2025-11-13 05:59:00"/>
  <Record type="HKQuantityTypeIdentifierStepCount" sourceName="HealthVis Test" value="10344" unit="count" startDate="2025-11-12 05:59:00" endDate="2025-11-12 05:59:00"/>
  <Record type="HKQuantityTypeIdentifierStepCount" sourceName="HealthVis Test" value="6588" unit="count" startDate="2025-11-11 05:59:00" endDate="2025-11-11 05:59:00"/>
  <Record type="HKQuantityTypeIdentifierStepCount" sourceName="HealthVis Test" value="11285" unit="count" startDate="2025-11-10 05:59:00" endDate="2025-11-10 05:59:00"/>
  <Record type="HKQuantityTypeIdentifierStepCount" sourceName="HealthVis Test" value="13483" unit="count" startDate="2025-11-09 05:59:00" endDate="2025-11-09 05:59:00"/>
  <Record type="HKQuantityTypeIdentifierStepCount" sourceName="HealthVis Test" value="9783" unit="count" startDate="2025-11-08 05:59:00" endDate="2025-11-08 05:59:00"/>
  <Record type="HKQuantityTypeIdentifierStepCount" sourceName="HealthVis Test" value="7208" unit="count" startDate="2025-11-07 05:59:00" endDate="2025-11-07 05:59:00"/>
  <Record type="HKQuantityTypeIdentifierStepCount" sourceName="HealthVis Test" value="11751" unit="count" startDate="2025-11-06 05:59:00" endDate="2025-11-06 05:59:00"/>
  <Record type="HKQuantityTypeIdentifierStepCount" sourceName="HealthVis Test" value="5728" unit="count" startDate="2025-11-05 05:59:00" endDate="2025-11-05 05:59:00"/>
  <Record type="HKQuantityTypeIdentifierStepCount" sourceName="HealthVis Test" value="7778" unit="count" startDate="2025-11-04 05:59:00" endDate="2025-11-04 05:59:00"/>
  <Record type="HKQuantityTypeIdentifierStepCount" sourceName="HealthVis Test" value="8894" unit="count" startDate="2025-11-03 05:59:00" endDate="2025-11-03 05:59:00"/>
  <Record type="HKQuantityTypeIdentifierStepCount" sourceName="HealthVis Test" value="12186" unit="count" startDate="2025-11-02 04:59:00" endDate="2025-11-02 04:59:00"/>
  <Record type="HKCategoryTypeIdentifierSleepAnalysis" sourceName="HealthVis Test" value="6.2" unit="hr" startDate="2025-11-30 13:00:00" endDate="2025-11-30 13:00:00"/>
  <Record type="HKCategoryTypeIdentifierSleepAnalysis" sourceName="HealthVis Test" value="7.1" unit="hr" startDate="2025-11-29 13:00:00" endDate="2025-11-29 13:00:00"/>
  <Record type="HKCategoryTypeIdentifierSleepAnalysis" sourceName="HealthVis Test" value="6.9" unit="hr" startDate="2025-11-28 13:00:00" endDate="2025-11-28 13:00:00"/>
  <Record type="HKCategoryTypeIdentifierSleepAnalysis" sourceName="HealthVis Test" value="8.7" unit="hr" startDate="2025-11-27 13:00:00" endDate="2025-11-27 13:00:00"/>
  <Record type="HKCategoryTypeIdentifierSleepAnalysis" sourceName="HealthVis Test" value="8.0" unit="hr" startDate="2025-11-26 13:00:00" endDate="2025-11-26 13:00:00"/>
  <Record type="HKCategoryTypeIdentifierSleepAnalysis" sourceName="HealthVis Test" value="7.9" unit="hr" startDate="2025-11-25 13:00:00" endDate="2025-11-25 13:00:00"/>
  <Record type="HKCategoryTypeIdentifierSleepAnalysis" sourceName="HealthVis Test" value="6.1" unit="hr" startDate="2025-11-24 13:00:00" endDate="2025-11-24 13:00:00"/>
  <Record type="HKCategoryTypeIdentifierSleepAnalysis" sourceName="HealthVis Test" value="8.5" unit="hr" startDate="2025-11-23 13:00:00" endDate="2025-11-23 13:00:00"/>
  <Record type="HKCategoryTypeIdentifierSleepAnalysis" sourceName="HealthVis Test" value="8.7" unit="hr" startDate="2025-11-22 13:00:00" endDate="2025-11-22 13:00:00"/>
  <Record type="HKCategoryTypeIdentifierSleepAnalysis" sourceName="HealthVis Test" value="6.5" unit="hr" startDate="2025-11-21 13:00:00" endDate="2025-11-21 13:00:00"/>
  <Record type="HKCategoryTypeIdentifierSleepAnalysis" sourceName="HealthVis Test" value="7.1" unit="hr" startDate="2025-11-20 13:00:00" endDate="2025-11-20 13:00:00"/>
  <Record type="HKCategoryTypeIdentifierSleepAnalysis" sourceName="HealthVis Test" value="9.0" unit="hr" startDate="2025-11-19 13:00:00" endDate="2025-11-19 13:00:00"/>
  <Record type="HKCategoryTypeIdentifierSleepAnalysis" sourceName="HealthVis Test" value="7.4" unit="hr" startDate="2025-11-18 13:00:00" endDate="2025-11-18 13:00:00"/>
  <Record type="HKCategoryTypeIdentifierSleepAnalysis" sourceName="HealthVis Test" value="6.1" unit="hr" startDate="2025-11-17 13:00:00" endDate="2025-11-17 13:00:00"/>
  <Record type="HKCategoryTypeIdentifierSleepAnalysis" sourceName="HealthVis Test" value="6.0" unit="hr" startDate="2025-11-16 13:00:00" endDate="2025-11-16 13:00:00"/>
  <Record type="HKCategoryTypeIdentifierSleepAnalysis" sourceName="HealthVis Test" value="8.2" unit="hr" startDate="2025-11-15 13:00:00" endDate="2025-11-15 13:00:00"/>
  <Record type="HKCategoryTypeIdentifierSleepAnalysis" sourceName="HealthVis Test" value="8.4" unit="hr" startDate="2025-11-14 13:00:00" endDate="2025-11-14 13:00:00"/>
  <Record type="HKCategoryTypeIdentifierSleepAnalysis" sourceName="HealthVis Test" value="7.4" unit="hr" startDate="2025-11-13 13:00:00" endDate="2025-11-13 13:00:00"/>
  <Record type="HKCategoryTypeIdentifierSleepAnalysis" sourceName="HealthVis Test" value="8.9" unit="hr" startDate="2025-11-12 13:00:00" endDate="2025-11-12 13:00:00"/>
  <Record type="HKCategoryTypeIdentifierSleepAnalysis" sourceName="HealthVis Test" value="6.5" unit="hr" startDate="2025-11-11 13:00:00" endDate="2025-11-11 13:00:00"/>
  <Record type="HKCategoryTypeIdentifierSleepAnalysis" sourceName="HealthVis Test" value="6.4" unit="hr" startDate="2025-11-10 13:00:00" endDate="2025-11-10 13:00:00"/>
  <Record type="HKCategoryTypeIdentifierSleepAnalysis" sourceName="HealthVis Test" value="8.0" unit="hr" startDate="2025-11-09 13:00:00" endDate="2025-11-09 13:00:00"/>
  <Record type="HKCategoryTypeIdentifierSleepAnalysis" sourceName="HealthVis Test" value="7.2" unit="hr" startDate="2025-11-08 13:00:00" endDate="2025-11-08 13:00:00"/>
  <Record type="HKCategoryTypeIdentifierSleepAnalysis" sourceName="HealthVis Test" value="7.8" unit="hr" startDate="2025-11-07 13:00:00" endDate="2025-11-07 13:00:00"/>
  <Record type="HKCategoryTypeIdentifierSleepAnalysis" sourceName="HealthVis Test" value="8.1" unit="hr" startDate="2025-11-06 13:00:00" endDate="2025-11-06 13:00:00"/>
  <Record type="HKCategoryTypeIdentifierSleepAnalysis" sourceName="HealthVis Test" value="7.5" unit="hr" startDate="2025-11-05 13:00:00" endDate="2025-11-05 13:00:00"/>
  <Record type="HKCategoryTypeIdentifierSleepAnalysis" sourceName="HealthVis Test" value="8.4" unit="hr" startDate="2025-11-04 13:00:00" endDate="2025-11-04 13:00:00"/>
  <Record type="HKCategoryTypeIdentifierSleepAnalysis" sourceName="HealthVis Test" value="8.7" unit="hr" startDate="2025-11-03 13:00:00" endDate="2025-11-03 13:00:00"/>
  <Record type="HKCategoryTypeIdentifierSleepAnalysis" sourceName="HealthVis Test" value="6.8" unit="hr" startDate="2025-11-02 13:00:00" endDate="2025-11-02 13:00:00"/>
  <Record type="HKCategoryTypeIdentifierSleepAnalysis" sourceName="HealthVis Test" value="8.0" unit="hr" startDate="2025-11-01 12:00:00" endDate="2025-11-01 12:00:00"/>
</HealthData>